order_id,order_ts,customer_id,campaign_id,product,quantity,unit_price,amount,country
ORD-00001,2024-08-25 03:23:00,CUST-0036,CMP-004,mouse,1,31.91,31.91,US
ORD-00002,2024-02-11 15:36:00,CUST-0055,CMP-001,keyboard,5,61.63,308.15,BR
ORD-00003,2024-03-24 22:29:00,CUST-0004,CMP-004,dock,2,262.47,524.94,AR
ORD-00004,2024-07-21 17:46:00,CUST-0076,CMP-005,stand,4,125.71,502.84,BR
ORD-00005,2024-03-03 11:07:00,CUST-0020,CMP-004,stand,4,183.22,732.88,PT
ORD-00006,2024-02-11 13:07:00,CUST-0046,CMP-006,headset,1,202.27,202.27,PT
ORD-00007,2024-01-21 03:40:00,CUST-0119,CMP-007,keyboard,4,277.29,1109.16,MX
ORD-00008,2024-04-21 01:49:00,CUST-0047,CMP-004,dock,5,444.92,2224.6,BR
ORD-00009,2024-01-22 00:25:00,CUST-0011,CMP-004,stand,2,390.97,781.94,BR
ORD-00010,2024-05-22 17:35:00,CUST-0107,CMP-006,mouse,3,237.54,712.62,PT
ORD-00011,2024-05-13 16:24:00,CUST-0090,CMP-002,headset,2,341.58,683.16,AR
ORD-00012,2024-03-07 15:25:00,CUST-0021,CMP-008,webcam,5,369.88,1849.4,PT
ORD-00013,2024-08-25 08:24:00,CUST-0042,CMP-001,mouse,5,125.32,626.6,BR
ORD-00014,2024-04-29 04:28:00,CUST-0028,CMP-006,mouse,4,148.42,593.68,AR
ORD-00015,2024-07-05 02:20:00,CUST-0083,CMP-008,mouse,4,444.55,1778.2,PT
ORD-00016,2024-02-25 04:06:00,CUST-0069,CMP-005,dock,2,377.49,754.98,MX
ORD-00017,2024-06-09 07:42:00,CUST-0029,CMP-003,headset,5,211.61,1058.05,DE
ORD-00018,2024-02-07 10:22:00,CUST-0020,CMP-003,stand,1,433.23,433.23,AR
ORD-00019,2024-06-07 00:53:00,CUST-0049,CMP-008,headset,5,50.39,251.95,PT
ORD-00020,2024-07-24 18:09:00,CUST-0015,CMP-005,stand,1,346.44,346.44,AR
ORD-00021,2024-05-08 04:29:00,CUST-0021,CMP-008,keyboard,1,160.78,160.78,AR
ORD-00022,2024-04-10 05:31:00,CUST-0065,CMP-002,stand,5,385.64,1928.2,AR
ORD-00023,2024-04-22 23:51:00,CUST-0020,CMP-006,stand,5,312.21,1561.05,US
ORD-00024,2024-07-19 17:09:00,CUST-0077,CMP-006,webcam,5,460.78,2303.9,BR
ORD-00025,2024-02-15 01:30:00,CUST-0107,CMP-005,mouse,3,441.69,1325.07,BR
ORD-00026,2024-04-02 00:46:00,CUST-0011,CMP-008,stand,5,474.44,2372.2,BR
ORD-00027,2024-07-17 06:51:00,CUST-0061,CMP-003,monitor,2,81.53,163.06,MX
ORD-00028,2024-08-13 04:29:00,CUST-0119,CMP-004,dock,4,482.79,1931.16,PT
ORD-00029,2024-05-29 14:26:00,CUST-0067,CMP-008,keyboard,3,230.19,690.57,US
ORD-00030,2024-03-27 03:26:00,CUST-0076,CMP-004,headset,1,182.18,182.18,US
ORD-00031,2024-01-07 22:50:00,CUST-0008,CMP-004,keyboard,1,359.66,359.66,BR
ORD-00032,2024-05-04 15:19:00,CUST-0036,CMP-008,mouse,1,266.69,266.69,MX
ORD-00033,2024-02-22 12:09:00,CUST-0032,CMP-008,stand,5,296.48,1482.4,DE
ORD-00034,2024-03-14 15:49:00,CUST-0056,CMP-006,webcam,1,66.43,66.43,DE
ORD-00035,2024-06-23 08:55:00,CUST-0083,CMP-002,keyboard,1,343.11,343.11,DE
ORD-00036,2024-05-07 20:52:00,CUST-0025,CMP-008,mouse,1,139.26,139.26,DE
ORD-00037,2024-03-12 03:20:00,CUST-0112,CMP-002,webcam,3,241.96,725.88,MX
ORD-00038,2024-02-09 23:32:00,CUST-0070,CMP-001,keyboard,1,332.93,332.93,US
ORD-00039,2024-03-05 21:14:00,CUST-0028,CMP-007,keyboard,4,253.01,1012.04,US
ORD-00040,2024-05-22 07:31:00,CUST-0034,CMP-008,monitor,1,492.85,492.85,DE
ORD-00041,2024-07-25 16:22:00,CUST-0038,CMP-004,keyboard,4,94.2,376.8,MX
ORD-00042,2024-07-20 17:46:00,CUST-0008,CMP-001,headset,1,378.93,378.93,DE
ORD-00043,2024-07-06 09:58:00,CUST-0066,CMP-002,stand,5,95.47,477.35,US
ORD-00044,2024-01-30 06:44:00,CUST-0111,CMP-004,webcam,5,52.52,262.6,BR
ORD-00045,2024-07-30 17:53:00,CUST-0006,CMP-002,webcam,2,297.78,595.56,AR
ORD-00046,2024-08-04 20:12:00,CUST-0120,CMP-005,mouse,5,270.84,1354.2,AR
ORD-00047,2024-04-28 17:22:00,CUST-0017,CMP-005,webcam,2,147.39,294.78,PT
ORD-00048,2024-01-31 17:53:00,CUST-0073,CMP-002,keyboard,1,239.88,239.88,MX
ORD-00049,2024-03-22 22:34:00,CUST-0120,CMP-006,keyboard,5,147.2,736.0,US
ORD-00050,2024-05-18 20:58:00,CUST-0107,CMP-005,headset,3,95.62,286.86,AR
ORD-00051,2024-07-15 21:57:00,CUST-0071,CMP-005,dock,1,340.47,340.47,BR
ORD-00052,2024-02-23 05:27:00,CUST-0014,CMP-003,monitor,3,75.31,225.93,PT
ORD-00053,2024-08-12 13:05:00,CUST-0027,CMP-005,headset,2,364.35,728.7,DE
ORD-00054,2024-04-05 18:19:00,CUST-0055,CMP-005,keyboard,1,64.2,64.2,BR
ORD-00055,2024-05-05 18:39:00,CUST-0034,CMP-003,dock,2,325.71,651.42,DE
ORD-00056,2024-07-24 04:39:00,CUST-0015,CMP-002,dock,4,289.14,1156.56,US
ORD-00057,2024-07-21 23:26:00,CUST-0075,CMP-003,webcam,1,420.51,420.51,US
ORD-00058,2024-01-20 13:30:00,CUST-0120,CMP-001,monitor,3,194.93,584.79,US
ORD-00059,2024-09-09 15:59:00,CUST-0046,CMP-007,headset,2,340.03,680.06,AR
ORD-00060,2024-03-01 14:30:00,CUST-0103,CMP-003,webcam,2,434.91,869.82,BR
ORD-00061,2024-03-10 15:16:00,CUST-0053,CMP-004,monitor,3,395.45,1186.35,US
ORD-00062,2024-02-13 16:33:00,CUST-0110,CMP-008,mouse,4,438.54,1754.16,US
ORD-00063,2024-06-20 22:11:00,CUST-0102,CMP-004,mouse,3,166.39,499.17,BR
ORD-00064,2024-09-01 15:27:00,CUST-0036,CMP-002,stand,2,211.16,422.32,PT
ORD-00065,2024-05-12 04:21:00,CUST-0108,CMP-006,keyboard,5,211.75,1058.75,BR
ORD-00066,2024-04-09 10:31:00,CUST-0034,CMP-001,keyboard,2,298.58,597.16,MX
ORD-00067,2024-06-11 13:16:00,CUST-0041,CMP-007,headset,3,369.6,1108.8,MX
ORD-00068,2024-02-16 10:31:00,CUST-0025,CMP-005,keyboard,4,451.66,1806.64,AR
ORD-00069,2024-06-12 02:19:00,CUST-0104,CMP-004,monitor,1,269.46,269.46,DE
ORD-00070,2024-01-30 19:26:00,CUST-0085,CMP-002,dock,3,319.01,957.03,PT
ORD-00071,2024-07-07 23:18:00,CUST-0042,CMP-007,dock,3,340.01,1020.03,PT
ORD-00072,2024-07-25 04:31:00,CUST-0086,CMP-007,dock,2,111.98,223.96,AR
ORD-00073,2024-03-08 16:40:00,CUST-0052,CMP-001,monitor,5,293.07,1465.35,PT
ORD-00074,2024-03-21 20:36:00,CUST-0078,CMP-006,webcam,4,397.06,1588.24,DE
ORD-00075,2024-06-14 07:39:00,CUST-0102,CMP-003,dock,2,265.26,530.52,BR
ORD-00076,2024-04-17 15:45:00,CUST-0080,CMP-006,keyboard,5,338.55,1692.75,US
ORD-00077,2024-09-06 06:58:00,CUST-0026,CMP-003,keyboard,3,127.73,383.19,BR
ORD-00078,2024-04-03 11:28:00,CUST-0099,CMP-002,webcam,4,313.31,1253.24,DE
ORD-00079,2024-08-21 14:58:00,CUST-0090,CMP-007,webcam,5,113.23,566.15,DE
ORD-00080,2024-04-03 03:58:00,CUST-0001,CMP-002,stand,2,334.81,669.62,DE
ORD-00081,2024-03-25 00:15:00,CUST-0090,CMP-008,keyboard,2,405.87,811.74,MX
ORD-00082,2024-04-05 01:31:00,CUST-0103,CMP-008,dock,1,239.0,239.0,MX
ORD-00083,2024-07-26 19:57:00,CUST-0097,CMP-008,headset,5,172.2,861.0,AR
ORD-00084,2024-07-07 02:49:00,CUST-0071,CMP-008,mouse,4,418.57,1674.28,AR
ORD-00085,2024-06-26 03:46:00,CUST-0032,CMP-005,stand,4,144.31,577.24,MX
ORD-00086,2024-06-29 18:28:00,CUST-0010,CMP-005,mouse,2,151.71,303.42,PT
ORD-00087,2024-05-06 14:40:00,CUST-0011,CMP-003,mouse,3,448.55,1345.65,US
ORD-00088,2024-05-23 19:00:00,CUST-0009,CMP-007,webcam,2,358.98,717.96,PT
ORD-00089,2024-07-20 21:24:00,CUST-0027,CMP-007,webcam,4,219.47,877.88,MX
ORD-00090,2024-01-12 10:40:00,CUST-0001,CMP-006,monitor,5,202.48,1012.4,DE
ORD-00091,2024-06-05 21:27:00,CUST-0070,CMP-004,webcam,5,378.71,1893.55,US
ORD-00092,2024-04-13 16:56:00,CUST-0050,CMP-006,dock,4,253.01,1012.04,AR
ORD-00093,2024-05-31 12:58:00,CUST-0118,CMP-003,headset,2,423.34,846.68,MX
ORD-00094,2024-01-15 03:38:00,CUST-0085,CMP-001,keyboard,4,304.01,1216.04,AR
ORD-00095,2024-06-09 09:16:00,CUST-0024,CMP-001,monitor,2,435.99,871.98,DE
ORD-00096,2024-05-03 12:27:00,CUST-0044,CMP-007,monitor,2,238.16,476.32,DE
ORD-00097,2024-04-06 04:22:00,CUST-0096,CMP-001,monitor,1,245.65,245.65,US
ORD-00098,2024-08-29 01:02:00,CUST-0084,CMP-001,stand,1,394.89,394.89,BR
ORD-00099,2024-04-04 08:47:00,CUST-0080,CMP-003,mouse,2,422.73,845.46,US
ORD-00100,2024-06-25 18:02:00,CUST-0028,CMP-008,dock,1,290.61,290.61,PT
ORD-00101,2024-05-18 15:27:00,CUST-0096,CMP-002,stand,2,310.73,621.46,US
ORD-00102,2024-04-27 13:53:00,CUST-0119,CMP-005,headset,1,297.67,297.67,AR
ORD-00103,2024-05-20 23:28:00,CUST-0026,CMP-002,headset,4,471.81,1887.24,AR
ORD-00104,2024-08-20 16:55:00,CUST-0099,CMP-005,stand,2,68.81,137.62,AR
ORD-00105,2024-08-10 22:28:00,CUST-0073,CMP-001,monitor,1,402.09,402.09,MX
ORD-00106,2024-06-09 07:13:00,CUST-0083,CMP-006,keyboard,3,53.0,159.0,DE
ORD-00107,2024-07-01 19:26:00,CUST-0047,CMP-008,dock,1,227.99,227.99,US
ORD-00108,2024-06-11 21:20:00,CUST-0084,CMP-005,headset,2,372.12,744.24,MX
ORD-00109,2024-06-29 08:51:00,CUST-0094,CMP-005,monitor,4,228.98,915.92,US
ORD-00110,2024-02-05 21:16:00,CUST-0032,CMP-008,headset,3,443.08,1329.24,MX
ORD-00111,2024-09-04 14:43:00,CUST-0064,CMP-006,mouse,4,181.37,725.48,DE
ORD-00112,2024-03-22 13:31:00,CUST-0044,CMP-005,headset,3,402.86,1208.58,AR
ORD-00113,2024-04-14 22:04:00,CUST-0025,CMP-002,mouse,5,24.77,123.85,AR
ORD-00114,2024-06-01 07:25:00,CUST-0031,CMP-008,dock,4,286.38,1145.52,AR
ORD-00115,2024-07-02 00:51:00,CUST-0012,CMP-005,mouse,4,400.51,1602.04,DE
ORD-00116,2024-04-02 22:01:00,CUST-0048,CMP-008,headset,3,338.6,1015.8,MX
ORD-00117,2024-05-09 11:47:00,CUST-0071,CMP-006,monitor,4,498.28,1993.12,AR
ORD-00118,2024-06-18 12:53:00,CUST-0030,CMP-002,dock,3,167.08,501.24,US
ORD-00119,2024-04-29 05:18:00,CUST-0098,CMP-003,mouse,1,376.48,376.48,US
ORD-00120,2024-06-29 14:59:00,CUST-0098,CMP-005,keyboard,3,367.7,1103.1,US
ORD-00121,2024-04-22 04:38:00,CUST-0039,CMP-001,dock,2,193.12,386.24,MX
ORD-00122,2024-02-20 10:05:00,CUST-0007,CMP-005,dock,3,41.75,125.25,US
ORD-00123,2024-08-24 13:47:00,CUST-0002,CMP-005,webcam,4,69.14,276.56,DE
ORD-00124,2024-06-13 16:52:00,CUST-0007,CMP-005,stand,3,108.39,325.17,DE
ORD-00125,2024-02-15 20:54:00,CUST-0010,CMP-001,mouse,1,212.24,212.24,US
ORD-00126,2024-07-28 06:10:00,CUST-0032,CMP-002,headset,3,60.79,182.37,DE
ORD-00127,2024-08-13 02:05:00,CUST-0029,CMP-007,webcam,5,399.46,1997.3,DE
ORD-00128,2024-04-22 14:18:00,CUST-0040,CMP-001,headset,5,495.12,2475.6,AR
ORD-00129,2024-02-10 11:06:00,CUST-0034,CMP-002,mouse,2,320.15,640.3,US
ORD-00130,2024-03-08 14:48:00,CUST-0001,CMP-007,webcam,5,55.93,279.65,AR
ORD-00131,2024-08-08 12:48:00,CUST-0030,CMP-005,dock,4,159.7,638.8,PT
ORD-00132,2024-06-18 15:23:00,CUST-0119,CMP-005,stand,1,349.84,349.84,AR
ORD-00133,2024-08-07 01:39:00,CUST-0070,CMP-004,dock,2,223.97,447.94,US
ORD-00134,2024-04-11 01:07:00,CUST-0022,CMP-005,headset,2,54.18,108.36,AR
ORD-00135,2024-07-30 13:48:00,CUST-0060,CMP-005,dock,3,230.69,692.07,DE
ORD-00136,2024-04-13 10:55:00,CUST-0057,CMP-002,headset,5,279.09,1395.45,BR
ORD-00137,2024-06-10 15:07:00,CUST-0004,CMP-002,mouse,3,309.68,929.04,AR
ORD-00138,2024-08-01 18:09:00,CUST-0098,CMP-005,headset,5,476.28,2381.4,BR
ORD-00139,2024-03-09 02:50:00,CUST-0057,CMP-005,mouse,4,269.0,1076.0,MX
ORD-00140,2024-06-12 00:49:00,CUST-0061,CMP-006,webcam,4,485.05,1940.2,PT
ORD-00141,2024-05-01 05:26:00,CUST-0043,CMP-007,dock,1,431.61,431.61,DE
ORD-00142,2024-04-19 06:29:00,CUST-0071,CMP-001,webcam,4,410.41,1641.64,BR
ORD-00143,2024-04-28 20:17:00,CUST-0099,CMP-007,stand,3,175.07,525.21,MX
ORD-00144,2024-01-05 18:03:00,CUST-0007,CMP-004,headset,5,241.65,1208.25,PT
ORD-00145,2024-08-19 00:39:00,CUST-0098,CMP-001,mouse,4,320.1,1280.4,PT
ORD-00146,2024-07-23 07:09:00,CUST-0057,CMP-008,keyboard,2,465.18,930.36,BR
ORD-00147,2024-08-21 17:13:00,CUST-0091,CMP-003,monitor,5,403.57,2017.85,MX
ORD-00148,2024-01-10 07:29:00,CUST-0029,CMP-002,webcam,5,215.74,1078.7,BR
ORD-00149,2024-08-28 03:46:00,CUST-0092,CMP-005,headset,2,259.12,518.24,AR
ORD-00150,2024-04-13 21:13:00,CUST-0061,CMP-004,webcam,4,420.57,1682.28,MX
ORD-00151,2024-02-26 23:54:00,CUST-0077,CMP-003,stand,4,111.39,445.56,BR
ORD-00152,2024-04-14 21:53:00,CUST-0101,CMP-005,stand,4,183.04,732.16,BR
ORD-00153,2024-04-17 07:29:00,CUST-0075,CMP-008,stand,3,421.89,1265.67,US
ORD-00154,2024-06-15 21:59:00,CUST-0043,CMP-007,webcam,5,252.38,1261.9,PT
ORD-00155,2024-03-14 00:28:00,CUST-0030,CMP-007,keyboard,2,294.36,588.72,PT
ORD-00156,2024-06-25 12:55:00,CUST-0085,CMP-003,webcam,4,205.22,820.88,BR
ORD-00157,2024-02-20 07:09:00,CUST-0043,CMP-002,stand,5,483.27,2416.35,DE
ORD-00158,2024-02-10 15:17:00,CUST-0002,CMP-003,webcam,5,456.91,2284.55,AR
ORD-00159,2024-03-01 12:49:00,CUST-0034,CMP-006,headset,1,245.26,245.26,AR
ORD-00160,2024-05-29 01:15:00,CUST-0110,CMP-007,monitor,1,428.75,428.75,AR
ORD-00161,2024-06-30 23:45:00,CUST-0009,CMP-004,dock,5,37.13,185.65,AR
ORD-00162,2024-04-18 23:09:00,CUST-0056,CMP-002,stand,2,378.35,756.7,AR
ORD-00163,2024-02-10 22:14:00,CUST-0039,CMP-001,keyboard,4,99.76,399.04,PT
ORD-00164,2024-01-25 18:22:00,CUST-0056,CMP-003,mouse,3,191.96,575.88,MX
ORD-00165,2024-06-03 08:33:00,CUST-0024,CMP-003,mouse,5,347.16,1735.8,BR
ORD-00166,2024-08-14 05:49:00,CUST-0031,CMP-008,headset,4,317.36,1269.44,US
ORD-00167,2024-03-29 20:53:00,CUST-0059,CMP-005,dock,4,326.09,1304.36,BR
ORD-00168,2024-06-22 17:26:00,CUST-0021,CMP-002,webcam,3,345.15,1035.45,PT
ORD-00169,2024-08-06 06:16:00,CUST-0055,CMP-005,webcam,3,326.59,979.77,PT
ORD-00170,2024-03-17 20:47:00,CUST-0014,CMP-004,webcam,4,429.5,1718.0,MX
ORD-00171,2024-05-15 00:37:00,CUST-0090,CMP-005,keyboard,5,161.92,809.6,AR
ORD-00172,2024-05-28 10:36:00,CUST-0111,CMP-001,headset,3,23.79,71.37,AR
ORD-00173,2024-07-04 04:28:00,CUST-0030,CMP-006,mouse,3,392.26,1176.78,AR
ORD-00174,2024-03-14 13:23:00,CUST-0097,CMP-003,dock,5,140.2,701.0,BR
ORD-00175,2024-08-20 18:48:00,CUST-0057,CMP-001,headset,1,168.19,168.19,PT
ORD-00176,2024-02-22 04:17:00,CUST-0042,CMP-007,mouse,1,456.52,456.52,US
ORD-00177,2024-02-22 10:49:00,CUST-0047,CMP-005,stand,5,440.6,2203.0,US
ORD-00178,2024-04-07 21:26:00,CUST-0038,CMP-006,stand,4,484.24,1936.96,BR
ORD-00179,2024-06-23 20:20:00,CUST-0029,CMP-007,stand,1,87.46,87.46,MX
ORD-00180,2024-05-17 12:11:00,CUST-0002,CMP-005,headset,1,399.43,399.43,BR
ORD-00181,2024-06-18 21:58:00,CUST-0087,CMP-005,headset,3,342.86,1028.58,DE
ORD-00182,2024-08-24 19:43:00,CUST-0030,CMP-008,keyboard,3,71.91,215.73,MX
ORD-00183,2024-07-27 17:39:00,CUST-0029,CMP-002,dock,3,459.22,1377.66,DE
ORD-00184,2024-04-24 08:34:00,CUST-0006,CMP-001,monitor,4,75.9,303.6,DE
ORD-00185,2024-02-16 14:40:00,CUST-0069,CMP-003,webcam,1,132.6,132.6,DE
ORD-00186,2024-05-19 09:56:00,CUST-0096,CMP-003,webcam,5,221.08,1105.4,AR
ORD-00187,2024-02-10 09:15:00,CUST-0036,CMP-001,dock,4,315.41,1261.64,PT
ORD-00188,2024-03-24 10:31:00,CUST-0031,CMP-006,keyboard,4,233.35,933.4,AR
ORD-00189,2024-05-18 01:49:00,CUST-0083,CMP-006,keyboard,5,452.71,2263.55,DE
ORD-00190,2024-04-14 18:41:00,CUST-0109,CMP-008,keyboard,2,484.64,969.28,AR
ORD-00191,2024-03-22 13:24:00,CUST-0007,CMP-006,mouse,5,486.02,2430.1,US
ORD-00192,2024-07-28 21:21:00,CUST-0098,CMP-004,headset,2,52.83,105.66,US
ORD-00193,2024-03-30 03:58:00,CUST-0101,CMP-001,monitor,3,391.6,1174.8,US
ORD-00194,2024-02-21 15:53:00,CUST-0023,CMP-002,dock,5,140.21,701.05,BR
ORD-00195,2024-02-22 07:42:00,CUST-0101,CMP-004,headset,1,191.86,191.86,PT
ORD-00196,2024-01-11 01:53:00,CUST-0017,CMP-007,headset,2,147.28,294.56,BR
ORD-00197,2024-01-28 11:22:00,CUST-0047,CMP-002,webcam,4,235.07,940.28,MX
ORD-00198,2024-03-25 23:55:00,CUST-0101,CMP-005,webcam,5,40.72,203.6,AR
ORD-00199,2024-01-16 16:11:00,CUST-0109,CMP-007,webcam,1,499.22,499.22,AR
ORD-00200,2024-02-13 15:23:00,CUST-0057,CMP-002,keyboard,4,361.85,1447.4,PT
ORD-00201,2024-08-13 19:23:00,CUST-0036,CMP-006,webcam,2,51.43,102.86,MX
ORD-00202,2024-07-16 12:04:00,CUST-0078,CMP-007,keyboard,3,237.68,713.04,AR
ORD-00203,2024-02-15 23:45:00,CUST-0028,CMP-007,webcam,5,365.9,1829.5,US
ORD-00204,2024-06-03 23:57:00,CUST-0052,CMP-007,dock,3,417.06,1251.18,BR
ORD-00205,2024-04-28 03:05:00,CUST-0033,CMP-006,mouse,4,169.91,679.64,AR
ORD-00206,2024-06-26 00:12:00,CUST-0011,CMP-002,webcam,1,63.69,63.69,BR
ORD-00207,2024-05-20 00:14:00,CUST-0076,CMP-006,dock,2,286.96,573.92,BR
ORD-00208,2024-06-02 21:42:00,CUST-0097,CMP-007,stand,3,439.23,1317.69,AR
ORD-00209,2024-01-24 01:32:00,CUST-0046,CMP-002,headset,3,308.1,924.3,MX
ORD-00210,2024-03-22 18:56:00,CUST-0029,CMP-002,monitor,2,335.13,670.26,MX
ORD-00211,2024-05-18 03:47:00,CUST-0074,CMP-004,stand,1,385.95,385.95,DE
ORD-00212,2024-07-27 13:47:00,CUST-0083,CMP-001,headset,5,314.42,1572.1,AR
ORD-00213,2024-04-11 16:59:00,CUST-0090,CMP-005,monitor,1,106.5,106.5,PT
ORD-00214,2024-01-07 13:21:00,CUST-0073,CMP-007,keyboard,2,437.43,874.86,US
ORD-00215,2024-08-22 20:44:00,CUST-0068,CMP-004,webcam,1,63.94,63.94,DE
ORD-00216,2024-06-18 12:01:00,CUST-0040,CMP-006,stand,3,95.46,286.38,MX
ORD-00217,2024-08-09 09:52:00,CUST-0020,CMP-003,stand,1,443.9,443.9,MX
ORD-00218,2024-01-23 10:49:00,CUST-0085,CMP-007,webcam,1,150.51,150.51,MX
ORD-00219,2024-06-14 06:38:00,CUST-0097,CMP-002,monitor,4,151.02,604.08,DE
ORD-00220,2024-02-14 16:58:00,CUST-0076,CMP-008,headset,3,345.44,1036.32,AR
ORD-00221,2024-04-26 15:00:00,CUST-0077,CMP-001,keyboard,1,125.75,125.75,US
ORD-00222,2024-04-24 01:50:00,CUST-0098,CMP-005,monitor,2,388.23,776.46,PT
ORD-00223,2024-02-18 00:26:00,CUST-0056,CMP-003,mouse,1,258.64,258.64,DE
ORD-00224,2024-07-17 05:46:00,CUST-0107,CMP-006,keyboard,2,260.03,520.06,DE
ORD-00225,2024-01-20 17:38:00,CUST-0118,CMP-002,stand,4,28.9,115.6,PT
ORD-00226,2024-08-01 23:03:00,CUST-0091,CMP-007,monitor,4,295.13,1180.52,BR
ORD-00227,2024-05-31 19:13:00,CUST-0022,CMP-008,stand,1,483.68,483.68,AR
ORD-00228,2024-05-16 01:55:00,CUST-0014,CMP-004,webcam,1,229.52,229.52,MX
ORD-00229,2024-05-30 03:11:00,CUST-0112,CMP-005,dock,5,57.65,288.25,PT
ORD-00230,2024-03-26 00:07:00,CUST-0010,CMP-002,headset,3,393.88,1181.64,MX
ORD-00231,2024-03-15 22:21:00,CUST-0105,CMP-003,mouse,3,188.43,565.29,BR
ORD-00232,2024-02-27 15:38:00,CUST-0078,CMP-003,stand,3,114.59,343.77,AR
ORD-00233,2024-02-01 18:26:00,CUST-0081,CMP-008,webcam,2,476.52,953.04,MX
ORD-00234,2024-08-03 07:28:00,CUST-0113,CMP-006,stand,4,346.84,1387.36,AR
ORD-00235,2024-04-29 10:27:00,CUST-0061,CMP-008,dock,2,230.99,461.98,PT
ORD-00236,2024-04-14 08:08:00,CUST-0065,CMP-002,monitor,5,46.86,234.3,DE
ORD-00237,2024-06-17 20:53:00,CUST-0107,CMP-005,keyboard,1,47.21,47.21,AR
ORD-00238,2024-02-07 05:01:00,CUST-0050,CMP-008,headset,5,305.06,1525.3,MX
ORD-00239,2024-01-20 06:27:00,CUST-0074,CMP-004,monitor,4,456.24,1824.96,MX
ORD-00240,2024-06-26 12:06:00,CUST-0008,CMP-008,keyboard,5,92.31,461.55,PT
ORD-00241,2024-02-05 00:52:00,CUST-0006,CMP-004,dock,5,330.04,1650.2,DE
ORD-00242,2024-06-13 07:43:00,CUST-0021,CMP-006,monitor,5,270.82,1354.1,PT
ORD-00243,2024-05-25 09:17:00,CUST-0087,CMP-001,stand,4,391.64,1566.56,AR
ORD-00244,2024-08-28 00:14:00,CUST-0013,CMP-007,monitor,3,51.54,154.62,PT
ORD-00245,2024-08-31 09:08:00,CUST-0043,CMP-002,headset,5,439.07,2195.35,AR
ORD-00246,2024-02-25 19:49:00,CUST-0084,CMP-007,mouse,3,168.81,506.43,MX
ORD-00247,2024-02-05 04:17:00,CUST-0083,CMP-006,stand,3,288.18,864.54,US
ORD-00248,2024-09-05 07:33:00,CUST-0086,CMP-007,headset,5,64.76,323.8,PT
ORD-00249,2024-01-11 23:18:00,CUST-0028,CMP-006,stand,3,168.16,504.48,DE
ORD-00250,2024-03-15 05:46:00,CUST-0020,CMP-002,monitor,2,499.89,999.78,BR
ORD-00251,2024-07-08 04:15:00,CUST-0114,CMP-001,dock,5,420.76,2103.8,PT
ORD-00252,2024-08-17 08:26:00,CUST-0020,CMP-003,mouse,2,306.58,613.16,AR
ORD-00253,2024-08-19 19:03:00,CUST-0006,CMP-007,monitor,2,366.07,732.14,AR
ORD-00254,2024-03-31 19:34:00,CUST-0097,CMP-008,mouse,4,312.99,1251.96,MX
ORD-00255,2024-04-01 09:53:00,CUST-0101,CMP-008,stand,3,483.39,1450.17,US
ORD-00256,2024-05-18 06:14:00,CUST-0060,CMP-005,stand,5,492.43,2462.15,DE
ORD-00257,2024-07-06 10:27:00,CUST-0021,CMP-004,stand,5,220.86,1104.3,MX
ORD-00258,2024-02-24 17:20:00,CUST-0062,CMP-006,headset,3,44.95,134.85,BR
ORD-00259,2024-07-11 04:05:00,CUST-0098,CMP-003,monitor,1,156.73,156.73,DE
ORD-00260,2024-07-10 05:44:00,CUST-0012,CMP-004,stand,2,418.8,837.6,DE
ORD-00261,2024-05-11 14:43:00,CUST-0051,CMP-006,mouse,1,219.05,219.05,DE
ORD-00262,2024-02-04 01:04:00,CUST-0041,CMP-002,stand,3,127.68,383.04,AR
ORD-00263,2024-08-28 23:26:00,CUST-0018,CMP-001,monitor,3,399.76,1199.28,DE
ORD-00264,2024-02-24 20:47:00,CUST-0001,CMP-002,keyboard,4,235.23,940.92,PT
ORD-00265,2024-03-23 20:25:00,CUST-0094,CMP-007,keyboard,2,283.33,566.66,PT
ORD-00266,2024-03-31 20:31:00,CUST-0031,CMP-007,dock,3,78.39,235.17,MX
ORD-00267,2024-06-19 18:19:00,CUST-0116,CMP-008,headset,1,73.11,73.11,MX
ORD-00268,2024-01-11 07:36:00,CUST-0092,CMP-003,monitor,5,295.92,1479.6,DE
ORD-00269,2024-01-05 21:40:00,CUST-0074,CMP-007,mouse,5,189.25,946.25,AR
ORD-00270,2024-09-04 14:57:00,CUST-0047,CMP-002,headset,1,271.17,271.17,MX
ORD-00271,2024-07-08 01:05:00,CUST-0050,CMP-008,keyboard,5,285.89,1429.45,AR
ORD-00272,2024-05-25 04:37:00,CUST-0003,CMP-006,stand,3,141.65,424.95,BR
ORD-00273,2024-05-09 20:55:00,CUST-0081,CMP-002,stand,2,371.71,743.42,MX
ORD-00274,2024-05-05 09:35:00,CUST-0070,CMP-006,stand,2,41.18,82.36,AR
ORD-00275,2024-03-09 01:57:00,CUST-0062,CMP-003,stand,4,490.69,1962.76,US
ORD-00276,2024-01-28 07:22:00,CUST-0026,CMP-001,stand,4,37.65,150.6,US
ORD-00277,2024-01-20 14:10:00,CUST-0066,CMP-007,stand,3,467.92,1403.76,MX
ORD-00278,2024-06-25 16:37:00,CUST-0083,CMP-004,monitor,3,37.48,112.44,PT
ORD-00279,2024-01-22 17:43:00,CUST-0103,CMP-006,webcam,3,151.04,453.12,DE
ORD-00280,2024-06-13 10:28:00,CUST-0024,CMP-008,dock,4,182.64,730.56,DE
ORD-00281,2024-05-18 01:55:00,CUST-0011,CMP-007,keyboard,5,147.93,739.65,DE
ORD-00282,2024-08-11 16:19:00,CUST-0042,CMP-002,keyboard,2,281.73,563.46,PT
ORD-00283,2024-09-01 23:12:00,CUST-0078,CMP-007,mouse,3,167.02,501.06,AR
ORD-00284,2024-06-14 22:55:00,CUST-0094,CMP-006,headset,3,234.52,703.56,DE
ORD-00285,2024-04-14 07:06:00,CUST-0082,CMP-007,monitor,1,55.92,55.92,MX
ORD-00286,2024-09-08 16:46:00,CUST-0019,CMP-008,keyboard,2,477.24,954.48,US
ORD-00287,2024-01-29 19:29:00,CUST-0047,CMP-006,webcam,2,393.59,787.18,MX
ORD-00288,2024-01-17 02:59:00,CUST-0058,CMP-006,monitor,5,93.55,467.75,DE
ORD-00289,2024-02-02 07:50:00,CUST-0047,CMP-007,monitor,5,85.99,429.95,AR
ORD-00290,2024-04-15 19:13:00,CUST-0004,CMP-003,webcam,2,480.95,961.9,MX
ORD-00291,2024-05-25 05:32:00,CUST-0100,CMP-005,dock,5,76.43,382.15,DE
ORD-00292,2024-03-23 10:56:00,CUST-0118,CMP-008,mouse,5,156.98,784.9,BR
ORD-00293,2024-02-23 18:00:00,CUST-0116,CMP-008,keyboard,1,236.88,236.88,AR
ORD-00294,2024-04-30 16:36:00,CUST-0071,CMP-005,monitor,3,360.48,1081.44,US
ORD-00295,2024-08-24 12:18:00,CUST-0066,CMP-004,keyboard,2,400.87,801.74,US
ORD-00296,2024-02-24 21:31:00,CUST-0004,CMP-006,headset,2,399.28,798.56,MX
ORD-00297,2024-05-18 15:35:00,CUST-0071,CMP-003,headset,4,405.66,1622.64,BR
ORD-00298,2024-01-29 06:30:00,CUST-0092,CMP-008,headset,3,211.02,633.06,DE
ORD-00299,2024-06-02 09:41:00,CUST-0041,CMP-002,webcam,5,55.3,276.5,DE
ORD-00300,2024-09-08 22:52:00,CUST-0113,CMP-003,stand,5,185.27,926.35,US
ORD-00301,2024-06-10 20:16:00,CUST-0008,CMP-002,headset,5,457.04,2285.2,US
ORD-00302,2024-04-25 01:28:00,CUST-0120,CMP-004,monitor,2,97.64,195.28,MX
ORD-00303,2024-04-17 18:03:00,CUST-0082,CMP-005,mouse,1,140.19,140.19,AR
ORD-00304,2024-04-24 14:07:00,CUST-0065,CMP-003,headset,5,275.97,1379.85,MX
ORD-00305,2024-03-01 11:22:00,CUST-0093,CMP-006,stand,2,336.09,672.18,MX
ORD-00306,2024-01-20 07:57:00,CUST-0083,CMP-005,dock,1,58.89,58.89,US
ORD-00307,2024-07-31 15:24:00,CUST-0004,CMP-008,dock,4,316.59,1266.36,MX
ORD-00308,2024-04-19 19:11:00,CUST-0104,CMP-007,monitor,3,251.71,755.13,DE
ORD-00309,2024-01-31 21:38:00,CUST-0054,CMP-008,webcam,1,95.78,95.78,US
ORD-00310,2024-05-08 04:38:00,CUST-0111,CMP-006,dock,5,88.86,444.3,PT
ORD-00311,2024-05-29 12:02:00,CUST-0066,CMP-002,monitor,2,385.02,770.04,US
ORD-00312,2024-06-23 04:05:00,CUST-0032,CMP-003,keyboard,1,148.29,148.29,BR
ORD-00313,2024-04-19 23:54:00,CUST-0054,CMP-004,stand,4,434.7,1738.8,US
ORD-00314,2024-05-03 13:10:00,CUST-0025,CMP-003,webcam,5,366.04,1830.2,MX
ORD-00315,2024-06-23 07:05:00,CUST-0064,CMP-001,keyboard,4,441.86,1767.44,DE
ORD-00316,2024-07-07 08:38:00,CUST-0028,CMP-006,keyboard,4,483.91,1935.64,BR
ORD-00317,2024-04-16 18:31:00,CUST-0108,CMP-008,monitor,4,306.71,1226.84,MX
ORD-00318,2024-01-08 07:27:00,CUST-0113,CMP-005,dock,1,226.75,226.75,PT
ORD-00319,2024-05-31 03:41:00,CUST-0007,CMP-004,monitor,3,41.62,124.86,MX
ORD-00320,2024-04-19 09:50:00,CUST-0058,CMP-005,stand,1,205.35,205.35,MX
ORD-00321,2024-09-09 01:24:00,CUST-0013,CMP-007,monitor,5,76.93,384.65,PT
ORD-00322,2024-07-26 10:24:00,CUST-0026,CMP-007,headset,3,382.28,1146.84,BR
ORD-00323,2024-01-21 19:52:00,CUST-0043,CMP-008,headset,1,85.68,85.68,DE
ORD-00324,2024-02-28 13:27:00,CUST-0018,CMP-006,headset,5,448.6,2243.0,PT
ORD-00325,2024-03-04 11:57:00,CUST-0095,CMP-005,headset,4,495.4,1981.6,PT
ORD-00326,2024-07-08 00:59:00,CUST-0091,CMP-005,webcam,5,275.42,1377.1,BR
ORD-00327,2024-05-18 10:45:00,CUST-0054,CMP-005,stand,3,343.33,1029.99,AR
ORD-00328,2024-08-21 10:33:00,CUST-0034,CMP-004,dock,1,306.42,306.42,BR
ORD-00329,2024-08-04 18:54:00,CUST-0081,CMP-007,mouse,4,101.75,407.0,AR
ORD-00330,2024-04-02 12:20:00,CUST-0090,CMP-002,mouse,1,294.73,294.73,BR
ORD-00331,2024-06-13 21:51:00,CUST-0053,CMP-004,webcam,3,220.91,662.73,MX
ORD-00332,2024-08-14 23:10:00,CUST-0095,CMP-001,dock,4,438.85,1755.4,US
ORD-00333,2024-07-12 04:19:00,CUST-0085,CMP-008,headset,2,289.13,578.26,DE
ORD-00334,2024-04-28 13:36:00,CUST-0069,CMP-006,headset,2,240.54,481.08,PT
ORD-00335,2024-09-07 09:49:00,CUST-0025,CMP-004,monitor,3,312.74,938.22,MX
ORD-00336,2024-04-23 00:19:00,CUST-0039,CMP-005,dock,2,471.81,943.62,US
ORD-00337,2024-07-01 08:58:00,CUST-0072,CMP-005,monitor,3,250.21,750.63,BR
ORD-00338,2024-08-01 03:07:00,CUST-0051,CMP-006,stand,5,202.15,1010.75,US
ORD-00339,2024-04-20 02:00:00,CUST-0092,CMP-002,monitor,1,157.96,157.96,DE
ORD-00340,2024-08-31 03:58:00,CUST-0028,CMP-004,stand,3,378.62,1135.86,MX
ORD-00341,2024-04-13 01:11:00,CUST-0018,CMP-002,headset,5,354.06,1770.3,AR
ORD-00342,2024-08-05 23:48:00,CUST-0086,CMP-004,dock,2,136.28,272.56,US
ORD-00343,2024-01-24 10:40:00,CUST-0092,CMP-008,keyboard,1,218.28,218.28,AR
ORD-00344,2024-02-24 09:12:00,CUST-0119,CMP-003,webcam,1,482.87,482.87,AR
ORD-00345,2024-06-26 12:43:00,CUST-0097,CMP-005,monitor,4,332.16,1328.64,PT
ORD-00346,2024-08-27 11:56:00,CUST-0012,CMP-004,headset,1,455.71,455.71,AR
ORD-00347,2024-01-18 21:55:00,CUST-0108,CMP-003,keyboard,2,220.48,440.96,DE
ORD-00348,2024-07-03 16:43:00,CUST-0112,CMP-005,keyboard,2,469.47,938.94,BR
ORD-00349,2024-04-22 23:23:00,CUST-0119,CMP-006,monitor,5,309.24,1546.2,DE
ORD-00350,2024-08-25 19:52:00,CUST-0114,CMP-003,stand,5,271.57,1357.85,MX
ORD-00351,2024-06-23 17:37:00,CUST-0015,CMP-006,mouse,3,112.45,337.35,AR
ORD-00352,2024-06-20 10:03:00,CUST-0002,CMP-006,stand,3,364.83,1094.49,PT
ORD-00353,2024-07-30 01:20:00,CUST-0110,CMP-007,stand,2,104.14,208.28,DE
ORD-00354,2024-07-10 22:35:00,CUST-0086,CMP-002,mouse,3,61.53,184.59,US
ORD-00355,2024-06-27 04:03:00,CUST-0001,CMP-005,webcam,3,469.1,1407.3,US
ORD-00356,2024-06-15 23:38:00,CUST-0039,CMP-001,monitor,3,477.84,1433.52,AR
ORD-00357,2024-05-15 05:48:00,CUST-0016,CMP-008,monitor,2,49.72,99.44,US
ORD-00358,2024-05-31 22:35:00,CUST-0114,CMP-005,dock,5,462.99,2314.95,BR
ORD-00359,2024-08-24 21:08:00,CUST-0029,CMP-004,mouse,3,196.32,588.96,DE
ORD-00360,2024-03-01 02:33:00,CUST-0078,CMP-006,webcam,4,378.81,1515.24,AR
ORD-00361,2024-07-23 07:17:00,CUST-0103,CMP-004,stand,4,383.43,1533.72,US
ORD-00362,2024-09-09 00:55:00,CUST-0011,CMP-008,headset,5,439.0,2195.0,AR
ORD-00363,2024-05-16 01:19:00,CUST-0015,CMP-001,stand,1,460.18,460.18,MX
ORD-00364,2024-07-07 09:00:00,CUST-0020,CMP-003,monitor,2,294.8,589.6,MX
ORD-00365,2024-06-14 04:51:00,CUST-0092,CMP-008,keyboard,1,346.44,346.44,MX
ORD-00366,2024-06-15 12:41:00,CUST-0066,CMP-007,webcam,1,237.55,237.55,MX
ORD-00367,2024-01-26 08:30:00,CUST-0104,CMP-005,dock,5,241.84,1209.2,BR
ORD-00368,2024-05-28 11:51:00,CUST-0096,CMP-004,headset,3,411.8,1235.4,BR
ORD-00369,2024-01-21 19:44:00,CUST-0009,CMP-001,keyboard,4,185.27,741.08,DE
ORD-00370,2024-01-16 21:18:00,CUST-0099,CMP-003,stand,3,216.16,648.48,AR
ORD-00371,2024-08-27 11:47:00,CUST-0115,CMP-007,webcam,4,199.64,798.56,DE
ORD-00372,2024-05-21 02:26:00,CUST-0085,CMP-003,dock,1,347.61,347.61,PT
ORD-00373,2024-02-17 12:37:00,CUST-0051,CMP-003,dock,2,496.47,992.94,US
ORD-00374,2024-01-06 14:21:00,CUST-0060,CMP-007,headset,1,489.58,489.58,DE
ORD-00375,2024-03-28 22:50:00,CUST-0020,CMP-005,mouse,2,241.0,482.0,AR
ORD-00376,2024-02-15 10:03:00,CUST-0054,CMP-001,mouse,1,408.45,408.45,US
ORD-00377,2024-01-29 19:59:00,CUST-0058,CMP-001,mouse,1,304.99,304.99,AR
ORD-00378,2024-01-21 10:32:00,CUST-0070,CMP-004,stand,4,230.6,922.4,BR
ORD-00379,2024-02-25 08:31:00,CUST-0030,CMP-006,headset,5,496.77,2483.85,MX
ORD-00380,2024-09-06 04:40:00,CUST-0113,CMP-003,dock,3,133.61,400.83,MX
ORD-00381,2024-03-25 19:30:00,CUST-0008,CMP-003,dock,4,164.14,656.56,AR
ORD-00382,2024-06-08 20:56:00,CUST-0045,CMP-007,stand,5,257.8,1289.0,MX
ORD-00383,2024-04-30 09:08:00,CUST-0039,CMP-007,mouse,4,215.86,863.44,MX
ORD-00384,2024-06-25 17:40:00,CUST-0039,CMP-003,stand,2,427.58,855.16,DE
ORD-00385,2024-01-26 07:31:00,CUST-0054,CMP-003,webcam,5,217.99,1089.95,US
ORD-00386,2024-04-07 04:11:00,CUST-0011,CMP-008,stand,2,178.43,356.86,PT
ORD-00387,2024-02-07 23:57:00,CUST-0025,CMP-001,monitor,5,367.7,1838.5,DE
ORD-00388,2024-09-06 14:38:00,CUST-0112,CMP-002,mouse,5,309.3,1546.5,MX
ORD-00389,2024-09-05 19:13:00,CUST-0027,CMP-006,monitor,5,124.07,620.35,BR
ORD-00390,2024-03-22 10:48:00,CUST-0016,CMP-008,mouse,2,481.7,963.4,AR
ORD-00391,2024-08-12 09:20:00,CUST-0031,CMP-006,stand,2,210.28,420.56,PT
ORD-00392,2024-05-22 22:16:00,CUST-0046,CMP-005,monitor,4,276.05,1104.2,PT
ORD-00393,2024-07-10 01:03:00,CUST-0103,CMP-008,stand,4,243.58,974.32,PT
ORD-00394,2024-03-19 06:57:00,CUST-0006,CMP-004,dock,3,170.1,510.3,US
ORD-00395,2024-01-11 05:43:00,CUST-0075,CMP-007,monitor,3,285.49,856.47,US
ORD-00396,2024-03-16 18:20:00,CUST-0073,CMP-004,webcam,3,130.31,390.93,MX
ORD-00397,2024-08-30 16:03:00,CUST-0106,CMP-008,dock,3,143.42,430.26,AR
ORD-00398,2024-07-01 22:53:00,CUST-0102,CMP-006,mouse,4,100.65,402.6,US
ORD-00399,2024-07-22 07:47:00,CUST-0114,CMP-001,headset,4,108.24,432.96,BR
ORD-00400,2024-02-01 09:30:00,CUST-0053,CMP-003,stand,1,386.78,386.78,AR
